su1,su2,su3,su4
Frankenstein,£38.00,,
Forever Rockers (The Rocker ...,£28.80,,
Fighting Fate (Fighting #6),£39.24,,
Emma,£32.93,,
"Eat, Pray, Love",£51.32,,
Deep Under (Walker Security ...,£47.09,,
Choosing Our Religion: The ...,£28.42,,
Charlie and the Chocolate ...,£22.85,,
Charity's Cross (Charles Towne ...,£41.24,,
Bright Lines,£39.07,,
Bridget Jones's Diary (Bridget ...,£29.82,,
Bounty (Colorado Mountain #7),£37.26,,
Blood Defense (Samantha Brinkman ...,£20.30,,
"Bleach, Vol. 1: Strawberry ...",£34.65,,
Beyond Good and Evil,£43.38,,
Alice in Wonderland (Alice's ...,£55.53,,
"Ajin: Demi-Human, Volume 1 ...",£57.06,,
A Spy's Devotion (The ...,£16.97,,
1st to Die (Women's ...,£53.98,,
"1,000 Places to See ...",£26.08,,
On the Road (Duluoz ...,£32.36,,
Old Records Never Die: ...,£55.66,,
Off Sides (Off #1),£39.45,,
Of Mice and Men,£47.11,,
Myriad (Prentor #1),£58.75,,
My Perfect Mistake (Over ...,£38.92,,
"Ms. Marvel, Vol. 1: ...",£39.39,,
Meditations,£25.89,,
Matilda,£28.34,,
Lost Among the Living,£27.70,,
Lord of the Flies,£24.89,,
Listen to Me (Fusion ...,£58.99,,
Kitchens of the Great ...,£57.20,,
Jane Eyre,£38.43,,
Imperfect Harmony,£34.74,,
Icing (Aces Hockey #2),£40.44,,
"Hawkeye, Vol. 1: My ...",£45.24,,
Having the Barbarian's Baby ...,£34.96,,
"Giant Days, Vol. 1 ...",£56.76,,
"Fruits Basket, Vol. 1 ...",£40.28,,
The Bhagavad Gita,£57.49,,
The Bette Davis Club,£30.66,,
The Art of Not ...,£40.83,,
Taking Shots (Assassins #1),£18.88,,
Starlark,£25.83,,
"Skip Beat!, Vol. 01 ...",£42.12,,
Sister Sable (The Mad ...,£13.33,,
Shatter Me (Shatter Me ...,£42.40,,
Shameless,£58.35,,
Shadow Rites (Jane Yellowrock ...,£21.72,,
Settling the Score (The ...,£44.91,,
Sense and Sensibility,£37.46,,
"Saga, Volume 1 (Saga ...",£28.48,,
"Rhythm, Chord & Malykhin",£28.34,,
"Rat Queens, Vol. 1: ...",£46.96,,
Paradise Lost (Paradise #1),£24.96,,
"Paper Girls, Vol. 1 ...",£21.71,,
Ouran High School Host ...,£29.87,,
Origins (Alphas 0.5),£28.99,,
One Second (Seven #7),£52.94,,
The Secret Healer,£34.56,,
"The Sandman, Vol. 1: ...",£54.12,,
The Republic,£33.78,,
The Odyssey,£29.64,,
The No. 1 Ladies' ...,£57.70,,
The Nicomachean Ethics,£36.34,,
The Name of the ...,£50.59,,
The Mirror & the ...,£29.38,,
The Little Prince,£45.42,,
The Light of the ...,£54.43,,
The Last Girl (The ...,£36.26,,
The Iliad,£16.16,,
The Hook Up (Game ...,£36.29,,
The Haters,£27.89,,
The Girl You Lost,£12.29,,
The Girl In The ...,£15.85,,
The End of the ...,£14.40,,
The Edge of Reason ...,£19.18,,
The Complete Maus (Maus ...,£10.64,,
The Communist Manifesto,£14.76,,
"Fruits Basket, Vol. 2 ...",£11.64,,
Diary of a Minecraft ...,£52.88,,
"Y: The Last Man, ...",£18.51,,
While You Were Mine,£41.32,,
Where Lightning Strikes (Bleeding ...,£39.77,,
When I'm Gone,£51.96,,
Ways of Seeing,£39.51,,
"Vampire Knight, Vol. 1 ...",£15.40,,
Vampire Girl (Vampire Girl ...,£53.82,,
Twenty Love Poems and ...,£30.95,,
Travels with Charley: In ...,£57.82,,
Three Wishes (River of ...,£44.18,,
This One Moment (Pushing ...,£48.71,,
The Zombie Room,£19.69,,
The Wicked + The ...,£36.52,,
The Tumor,£41.56,,
The Story of Hong ...,£43.19,,
The Silent Wife,£12.34,,
The Silent Twin (Detective ...,£36.25,,
The Selfish Gene,£29.45,,
Annie on My Mind,£36.83,,
And Then There Were ...,£35.01,,
A Walk in the ...,£30.48,,
A Visit from the ...,£14.08,,
A Storm of Swords ...,£31.22,,
A Heartbreaking Work of ...,£54.29,,
8 Keys to Mental ...,£31.04,,
#GIRLBOSS,£50.96,,
The Suffragettes (Little Black ...,£11.89,,
The Sense of an ...,£31.38,,
"The Sandman, Vol. 2: ...",£54.81,,
The Course of Love,£16.78,,
Sugar Rush (Offensive Line ...,£24.42,,
"Saga, Volume 2 (Saga ...",£11.75,,
"Run, Spot, Run: The ...",£20.02,,
New Moon (Twilight #2),£12.86,,
Life,£31.58,,
Kindle Paperwhite User's Guide,£34.00,,
H is for Hawk,£57.42,,
Girl Online On Tour ...,£53.47,,
